{
  "horizon": 3,
  "val_rmse": 0.1449547193102256,
  "val_mae": 0.09752028924804915,
  "best_iteration": 107
}