{
  "horizon": 2,
  "val_rmse": 0.13934846318295555,
  "val_mae": 0.09370577348841957,
  "best_iteration": 134
}