{
  "horizon": 9,
  "val_rmse": 0.1517806060706121,
  "val_mae": 0.10422667537270046,
  "best_iteration": 93
}