{
  "horizon": 4,
  "val_rmse": 0.14802976521472513,
  "val_mae": 0.1011886679536359,
  "best_iteration": 100
}