{
  "horizon": 10,
  "val_rmse": 0.14972926610590964,
  "val_mae": 0.10427739357492692,
  "best_iteration": 114
}