{
  "horizon": 7,
  "val_rmse": 0.15306187357287104,
  "val_mae": 0.105678760561406,
  "best_iteration": 99
}