{
  "horizon": 1,
  "val_rmse": 0.13165085770596094,
  "val_mae": 0.0846484004747133,
  "best_iteration": 98
}