{
  "horizon": 6,
  "val_rmse": 0.15176721782841524,
  "val_mae": 0.10489219809843008,
  "best_iteration": 115
}