{
  "horizon": 11,
  "val_rmse": 0.15079326574969598,
  "val_mae": 0.10568974174107704,
  "best_iteration": 107
}