{
  "horizon": 5,
  "val_rmse": 0.14849645074142903,
  "val_mae": 0.10185976813165991,
  "best_iteration": 111
}