{
  "horizon": 8,
  "val_rmse": 0.15022521937679087,
  "val_mae": 0.10435308386123238,
  "best_iteration": 88
}