{
  "horizon": 12,
  "val_rmse": 0.1539895487824974,
  "val_mae": 0.10652881282723106,
  "best_iteration": 91
}