{
  "horizon": 1,
  "test_rmse": 0.14209815837335776,
  "test_mae": 0.09495985130767483,
  "per_system_rmse": {
    "system_10": 0.14292675896475335,
    "system_4": 0.1436673208155249,
    "system_50": 0.13207736010770857,
    "system_51": 0.14914918593812812
  },
  "features_used": [
    "hour_sin",
    "hour_cos",
    "doy_sin",
    "doy_cos",
    "ac_power_on_forecast_issue",
    "cos_zenith",
    "dswrf",
    "t2m",
    "tcc",
    "system_10",
    "system_4",
    "system_50",
    "system_51"
  ]
}