{
  "horizon": 11,
  "test_rmse": 0.18408517464887905,
  "test_mae": 0.13241374048143836,
  "per_system_rmse": {
    "system_10": 0.19567526776047073,
    "system_4": 0.1840343728529495,
    "system_50": 0.16658420881900568,
    "system_51": 0.189018239707661
  },
  "features_used": [
    "hour_sin",
    "hour_cos",
    "doy_sin",
    "doy_cos",
    "ac_power_on_forecast_issue",
    "cos_zenith",
    "dswrf",
    "t2m",
    "tcc",
    "system_10",
    "system_4",
    "system_50",
    "system_51"
  ]
}