{
  "horizon": 7,
  "test_rmse": 0.187528558684877,
  "test_mae": 0.13316128405952118,
  "per_system_rmse": {
    "system_10": 0.19972510964725598,
    "system_4": 0.18863098209379253,
    "system_50": 0.16893065317539824,
    "system_51": 0.19170472856078719
  },
  "features_used": [
    "hour_sin",
    "hour_cos",
    "doy_sin",
    "doy_cos",
    "ac_power_on_forecast_issue",
    "cos_zenith",
    "dswrf",
    "t2m",
    "tcc",
    "system_10",
    "system_4",
    "system_50",
    "system_51"
  ]
}