{
  "horizon": 2,
  "test_rmse": 0.15856798569733835,
  "test_mae": 0.11052481485071387,
  "per_system_rmse": {
    "system_10": 0.16449716786389326,
    "system_4": 0.15900915926245082,
    "system_50": 0.14531739368427224,
    "system_51": 0.1647559753240803
  },
  "features_used": [
    "hour_sin",
    "hour_cos",
    "doy_sin",
    "doy_cos",
    "ac_power_on_forecast_issue",
    "cos_zenith",
    "dswrf",
    "t2m",
    "tcc",
    "system_10",
    "system_4",
    "system_50",
    "system_51"
  ]
}