{
  "horizon": 5,
  "test_rmse": 0.18090288402781093,
  "test_mae": 0.1277260683615814,
  "per_system_rmse": {
    "system_10": 0.19338030669028444,
    "system_4": 0.18174174012408906,
    "system_50": 0.16288623667155,
    "system_51": 0.18449570131691367
  },
  "features_used": [
    "hour_sin",
    "hour_cos",
    "doy_sin",
    "doy_cos",
    "ac_power_on_forecast_issue",
    "cos_zenith",
    "dswrf",
    "t2m",
    "tcc",
    "system_10",
    "system_4",
    "system_50",
    "system_51"
  ]
}