{
  "horizon": 3,
  "test_rmse": 0.16955464664291142,
  "test_mae": 0.11782138918606297,
  "per_system_rmse": {
    "system_10": 0.17931052598527575,
    "system_4": 0.1701879102985807,
    "system_50": 0.1536604917299176,
    "system_51": 0.17416010306031549
  },
  "features_used": [
    "hour_sin",
    "hour_cos",
    "doy_sin",
    "doy_cos",
    "ac_power_on_forecast_issue",
    "cos_zenith",
    "dswrf",
    "t2m",
    "tcc",
    "system_10",
    "system_4",
    "system_50",
    "system_51"
  ]
}