,ac_power_inv_16426_daily_max,ac_power_inv_16426_daily_mean,ac_energy_inv_16426_daily_sum
2012-12-31,4.17,0.5976506024096385,8.285999999999998
