,ac_power_inv_16455_daily_max,ac_power_inv_16455_daily_mean,ac_energy_inv_16455_daily_sum
2015-12-31,0.3689999999999999,0.16195238095238093,1.427
