,ac_power_inv_16458_daily_max,ac_power_inv_16458_daily_mean,ac_energy_inv_16458_daily_sum
2015-12-31,4.4910000000000005,1.4083097345132745,13.266
