,ac_power_inv_16475_daily_max,ac_power_inv_16475_daily_mean,ac_energy_inv_16475_daily_sum
2017-12-31,0.018,0.009874999999999972,0.0529999999999999
