,ac_power_inv_16502_daily_max,ac_power_inv_16502_daily_mean,ac_energy_inv_16502_daily_sum
2012-12-31,0.8519999999999999,0.25932558139534884,3.717
