,ac_power_inv_16563_daily_max,ac_power_inv_16563_daily_mean,ac_energy_inv_16563_daily_sum
2017-12-31,0.7419999999999999,0.12007582938388625,2.098
