,ac_power_inv_16596_daily_max,ac_power_inv_16596_daily_mean,ac_energy_inv_16596_daily_sum
2014-12-31,2.7840000000000003,1.2554621848739496,12.459
