,ac_power_inv_16594_daily_max,ac_power_inv_16594_daily_mean,ac_energy_inv_16594_daily_sum
2015-12-31,0.5929999999999999,0.2852647058823529,2.424
