,ac_power_inv_16615_daily_max,ac_power_inv_16615_daily_mean,ac_energy_inv_16615_daily_sum
2013-12-31,1.6980000000000002,0.6761293103448276,6.538
