,ac_power_inv_16671_daily_max,ac_power_inv_16671_daily_mean,ac_energy_inv_16671_daily_sum
2014-12-31,2.8080000000000003,1.1159754098360657,11.35
