,ac_power_inv_16682_daily_max,ac_power_inv_16682_daily_mean,ac_energy_inv_16682_daily_sum
2014-12-31,6.877999999999999,3.0224102564102564,29.477
