horizon,test_rmse,correlation,num_points
1,0.14207325664025894,0.8554484012938645,108299
2,0.20852961944620357,0.688586489854376,108295
3,0.26731006626435405,0.48824850809274534,108291
4,0.3188626423286705,0.2717912023410889,108287
5,0.36060857665536317,0.06865224255896067,108283
6,0.3929373565376502,-0.10581207627816908,108279
7,0.4163255970761273,-0.24141970294908233,108275
8,0.4313587582768072,-0.332715051438761,108271
9,0.43920761824649707,-0.38175554341058804,108267
10,0.4422731837924495,-0.40111695527934615,108263
11,0.44308985683035423,-0.4063025950428937,108259
12,0.44299137557719753,-0.4058594245761432,108255
