{
  "horizon": 3,
  "test_rmse": 0.18977841379882351,
  "test_mae": 0.14232260343514155,
  "per_system_rmse": {
    "system_10": 0.19828133359206565,
    "system_4": 0.1935223050019622,
    "system_50": 0.17063670784080476,
    "system_51": 0.19552878281380684
  },
  "features_used": [
    "dswrf",
    "t2m",
    "tcc",
    "system_10",
    "system_4",
    "system_50",
    "system_51"
  ]
}