{
  "horizon": 1,
  "test_rmse": 0.1853249653903635,
  "test_mae": 0.14015069627699725,
  "per_system_rmse": {
    "system_10": 0.19393800302388503,
    "system_4": 0.18875452364016695,
    "system_50": 0.16666347643215296,
    "system_51": 0.19083194241921242
  },
  "features_used": [
    "dswrf",
    "t2m",
    "tcc",
    "system_10",
    "system_4",
    "system_50",
    "system_51"
  ]
}