{
  "horizon": 10,
  "test_rmse": 0.19862801032635075,
  "test_mae": 0.15162785468512707,
  "per_system_rmse": {
    "system_10": 0.20626817847533524,
    "system_4": 0.202362033085875,
    "system_50": 0.1797673024859624,
    "system_51": 0.2050448845666648
  },
  "features_used": [
    "dswrf",
    "t2m",
    "tcc",
    "system_10",
    "system_4",
    "system_50",
    "system_51"
  ]
}