{
  "horizon": 4,
  "test_rmse": 0.19168043143660693,
  "test_mae": 0.1443046931926516,
  "per_system_rmse": {
    "system_10": 0.20053460996103445,
    "system_4": 0.19444117164992156,
    "system_50": 0.17294223732857117,
    "system_51": 0.19771579480942045
  },
  "features_used": [
    "dswrf",
    "t2m",
    "tcc",
    "system_10",
    "system_4",
    "system_50",
    "system_51"
  ]
}