{
  "horizon": 5,
  "test_rmse": 0.1935563773261542,
  "test_mae": 0.14640412901268426,
  "per_system_rmse": {
    "system_10": 0.2022577586326255,
    "system_4": 0.19714158248889066,
    "system_50": 0.17439744242744037,
    "system_51": 0.19930699091712012
  },
  "features_used": [
    "dswrf",
    "t2m",
    "tcc",
    "system_10",
    "system_4",
    "system_50",
    "system_51"
  ]
}