{
  "horizon": 2,
  "test_rmse": 0.1873504774099969,
  "test_mae": 0.14199841392470472,
  "per_system_rmse": {
    "system_10": 0.1957775581623851,
    "system_4": 0.1907157500723835,
    "system_50": 0.1683747132570162,
    "system_51": 0.193389904652283
  },
  "features_used": [
    "dswrf",
    "t2m",
    "tcc",
    "system_10",
    "system_4",
    "system_50",
    "system_51"
  ]
}