{
  "horizon": 10,
  "val_rmse": 0.2055657687786793,
  "val_mae": 0.15562821204105126,
  "best_iteration": 43
}