{
  "horizon": 12,
  "val_rmse": 0.20635394001464974,
  "val_mae": 0.155686923605349,
  "best_iteration": 52
}