{
  "horizon": 4,
  "val_rmse": 0.20597165742217158,
  "val_mae": 0.15577231966753183,
  "best_iteration": 44
}