{
  "horizon": 11,
  "val_rmse": 0.20607843905132794,
  "val_mae": 0.15619820841896762,
  "best_iteration": 42
}