{
  "horizon": 5,
  "val_rmse": 0.205866562203613,
  "val_mae": 0.15603822463428144,
  "best_iteration": 43
}