{
  "horizon": 1,
  "val_rmse": 0.2064398212803875,
  "val_mae": 0.15598645485670704,
  "best_iteration": 48
}