{
  "horizon": 3,
  "val_rmse": 0.20670366988121686,
  "val_mae": 0.1561069860564352,
  "best_iteration": 50
}