{
  "horizon": 6,
  "val_rmse": 0.20589443646870115,
  "val_mae": 0.1557649591044119,
  "best_iteration": 52
}