{
  "horizon": 7,
  "val_rmse": 0.20465049865240617,
  "val_mae": 0.15545979907843893,
  "best_iteration": 42
}