{
  "horizon": 8,
  "val_rmse": 0.2057708978180097,
  "val_mae": 0.1556927830718452,
  "best_iteration": 44
}