{
  "horizon": 2,
  "val_rmse": 0.20588684664404197,
  "val_mae": 0.1557140373122287,
  "best_iteration": 44
}