{
  "horizon": 9,
  "val_rmse": 0.20613154872078313,
  "val_mae": 0.15622988457603876,
  "best_iteration": 44
}