{
  "horizon": 8,
  "val_rmse": 0.15486907898014568,
  "val_mae": 0.108794192908868,
  "per_system_val_rmse": {
    "0": 0.15928375242174334,
    "1": 0.17188310797679565,
    "2": 0.13934595828196897,
    "3": 0.14838550630690192
  }
}