{
  "horizon": 2,
  "val_rmse": 0.14669582832063774,
  "val_mae": 0.11013695432140247,
  "per_system_val_rmse": {
    "0": 0.14890881558282668,
    "1": 0.1702936042838673,
    "2": 0.12701084343490157,
    "3": 0.14120410118451845
  }
}