{
  "horizon": 3,
  "val_rmse": 0.1477049581877835,
  "val_mae": 0.1018721285825908,
  "per_system_val_rmse": {
    "0": 0.15282747727156062,
    "1": 0.16288048886441933,
    "2": 0.1343312141022007,
    "3": 0.13850265060565972
  }
}