{
  "horizon": 5,
  "val_rmse": 0.14476612139345124,
  "val_mae": 0.1035087552458167,
  "per_system_val_rmse": {
    "0": 0.14956953109506288,
    "1": 0.16000707909627723,
    "2": 0.13040113632722478,
    "3": 0.13800651292387964
  }
}