{
  "horizon": 12,
  "val_rmse": 0.14939923882564116,
  "val_mae": 0.1069363628999877,
  "per_system_val_rmse": {
    "0": 0.15364320322178765,
    "1": 0.16636598462008187,
    "2": 0.1331389565919867,
    "3": 0.1446141261766751
  }
}