{
  "horizon": 9,
  "val_rmse": 0.15009880985571186,
  "val_mae": 0.10692360497678771,
  "per_system_val_rmse": {
    "0": 0.1565805263873366,
    "1": 0.16569917079866867,
    "2": 0.1342821982467143,
    "3": 0.14168427095606426
  }
}