{
  "horizon": 1,
  "val_rmse": 0.14814504695204736,
  "val_mae": 0.105209897488019,
  "per_system_val_rmse": {
    "0": 0.15154196608740694,
    "1": 0.1679855534900427,
    "2": 0.13044989253482248,
    "3": 0.1429806323547247
  }
}