{
  "horizon": 7,
  "val_rmse": 0.1471230654549394,
  "val_mae": 0.10496990630313156,
  "per_system_val_rmse": {
    "0": 0.1502177520881869,
    "1": 0.16730164486554977,
    "2": 0.13075930043966424,
    "3": 0.1395956797378455
  }
}