{
  "horizon": 10,
  "val_rmse": 0.14942502193253235,
  "val_mae": 0.10343702159503688,
  "per_system_val_rmse": {
    "0": 0.15055503901349307,
    "1": 0.16717433906261317,
    "2": 0.1372728011319655,
    "3": 0.14264649018428063
  }
}