{
  "horizon": 6,
  "val_rmse": 0.14778758814833134,
  "val_mae": 0.10787558508110653,
  "per_system_val_rmse": {
    "0": 0.15124809557526228,
    "1": 0.168224280332859,
    "2": 0.1304599595804287,
    "3": 0.14077610976576413
  }
}