{
  "horizon": 4,
  "val_rmse": 0.14611038187191921,
  "val_mae": 0.10784413472708543,
  "per_system_val_rmse": {
    "0": 0.1501616737451725,
    "1": 0.1669899366124468,
    "2": 0.12810458282050136,
    "3": 0.13816627032904485
  }
}