{
  "horizon": 11,
  "val_rmse": 0.15525801118517796,
  "val_mae": 0.1101144250518358,
  "per_system_val_rmse": {
    "0": 0.157779016931915,
    "1": 0.17239062926611626,
    "2": 0.14117310597223917,
    "3": 0.15016289514905135
  }
}