{
  "horizon": 7,
  "val_rmse": 0.17066806148487526,
  "val_mae": 0.1297582793668507,
  "best_iteration": 118
}