{
  "horizon": 1,
  "val_rmse": 0.17210587464240387,
  "val_mae": 0.12892064067710501,
  "best_iteration": 94
}