{
  "horizon": 5,
  "val_rmse": 0.17123581096136975,
  "val_mae": 0.12888567785083851,
  "best_iteration": 111
}