{
  "horizon": 6,
  "val_rmse": 0.17001536455938548,
  "val_mae": 0.12856862343292855,
  "best_iteration": 106
}