{
  "horizon": 9,
  "val_rmse": 0.17101013101388732,
  "val_mae": 0.12849372235215267,
  "best_iteration": 106
}