{
  "horizon": 8,
  "val_rmse": 0.17111160551002688,
  "val_mae": 0.12895961318734264,
  "best_iteration": 162
}