{
  "horizon": 4,
  "val_rmse": 0.16961925879978695,
  "val_mae": 0.1269444786653253,
  "best_iteration": 96
}