{
  "horizon": 11,
  "val_rmse": 0.1703136035012656,
  "val_mae": 0.12921321676703942,
  "best_iteration": 113
}