{
  "horizon": 2,
  "val_rmse": 0.1709434110560808,
  "val_mae": 0.1275716729487875,
  "best_iteration": 98
}