{
  "horizon": 3,
  "val_rmse": 0.17155075234899694,
  "val_mae": 0.127840287858561,
  "best_iteration": 103
}