{
  "horizon": 12,
  "val_rmse": 0.17519718424245814,
  "val_mae": 0.1323224309714662,
  "best_iteration": 125
}