{
  "horizon": 10,
  "val_rmse": 0.17058823441870194,
  "val_mae": 0.12917009078808092,
  "best_iteration": 108
}