{
  "horizon": 5,
  "test_rmse": 0.23912858259866077,
  "test_mae": 0.1936179243082542,
  "per_system_rmse": {
    "system_10": 0.24047396166467386,
    "system_4": 0.24668696419341554,
    "system_50": 0.22177034878760163,
    "system_51": 0.24665255070168995
  }
}