{
  "horizon": 3,
  "test_rmse": 0.23996544007510673,
  "test_mae": 0.19393078258566585,
  "per_system_rmse": {
    "system_10": 0.2410312452915359,
    "system_4": 0.24771167475499428,
    "system_50": 0.22226018001517311,
    "system_51": 0.24787907463914435
  }
}