{
  "horizon": 11,
  "test_rmse": 0.23902716968621937,
  "test_mae": 0.19384321004008687,
  "per_system_rmse": {
    "system_10": 0.2405187085383189,
    "system_4": 0.24701843402656654,
    "system_50": 0.22193474541181157,
    "system_51": 0.24573966885879475
  }
}