{
  "horizon": 4,
  "test_rmse": 0.23941483213919065,
  "test_mae": 0.19387722166039995,
  "per_system_rmse": {
    "system_10": 0.24077232076364313,
    "system_4": 0.24767597674002537,
    "system_50": 0.22186511422893113,
    "system_51": 0.2463949920432003
  }
}