{
  "horizon": 7,
  "test_rmse": 0.23846473715612018,
  "test_mae": 0.19348706400331353,
  "per_system_rmse": {
    "system_10": 0.2400769189743279,
    "system_4": 0.24587053819993168,
    "system_50": 0.2213691565144847,
    "system_51": 0.24565071787465456
  }
}