{
  "horizon": 1,
  "test_rmse": 0.23942995723172497,
  "test_mae": 0.1936228221110029,
  "per_system_rmse": {
    "system_10": 0.24091219099282826,
    "system_4": 0.24628395904865175,
    "system_50": 0.22230952918687844,
    "system_51": 0.24731561330025484
  }
}