{
  "horizon": 9,
  "test_rmse": 0.23992031794229463,
  "test_mae": 0.19452812929858115,
  "per_system_rmse": {
    "system_10": 0.241347554104047,
    "system_4": 0.24735237569835772,
    "system_50": 0.22284820522949117,
    "system_51": 0.24723956420894794
  }
}