{
  "horizon": 2,
  "test_rmse": 0.23919059679092464,
  "test_mae": 0.19360979627433647,
  "per_system_rmse": {
    "system_10": 0.24024099793039919,
    "system_4": 0.24633806263272495,
    "system_50": 0.22263324836418416,
    "system_51": 0.24668763367200178
  }
}