{
  "horizon": 10,
  "test_rmse": 0.23854606195657527,
  "test_mae": 0.19331246869249905,
  "per_system_rmse": {
    "system_10": 0.24022385911250388,
    "system_4": 0.24661118523036002,
    "system_50": 0.22073646981584036,
    "system_51": 0.24564789989006444
  }
}