{
  "horizon": 6,
  "test_rmse": 0.2387017222113211,
  "test_mae": 0.19317334173232445,
  "per_system_rmse": {
    "system_10": 0.23991186634296222,
    "system_4": 0.24693970718084582,
    "system_50": 0.22109436007326602,
    "system_51": 0.24589403769410717
  }
}