{
  "horizon": 12,
  "test_rmse": 0.2396541792962599,
  "test_mae": 0.19341383918482974,
  "per_system_rmse": {
    "system_10": 0.24031784228100425,
    "system_4": 0.24732861798668948,
    "system_50": 0.22292834575525264,
    "system_51": 0.2471430486755663
  }
}