{
  "horizon": 8,
  "test_rmse": 0.23910668957171174,
  "test_mae": 0.19354996207790187,
  "per_system_rmse": {
    "system_10": 0.24080960789599035,
    "system_4": 0.24652328533538645,
    "system_50": 0.22202849814453945,
    "system_51": 0.2461821864600926
  }
}